workers,"epoch time, ms",efficiency score
1,287.55262,6.838564
2,151.133212,7.189984
3,106.772777,7.395262
4,80.947856,7.567441
5,65.594256,7.703673
6,55.012554,7.821454
7,47.667895,7.920089
8,42.849208,7.995069
9,38.602173,8.069896
10,35.261169,8.135936
11,34.381446,8.154561
12,33.2295,8.179818
13,32.713661,8.191466
15,31.697939,8.215050
20,31.389892,8.2176240
30, 31.378092,8.217891
40,31.879462,8.210859
50,31.907547,8.210110
60,32.25915,8.201911