workers,"epoch time, ms",efficiency score
1,986.938639,7.398835
2,500.160863,7.790612
3,338.788686,8.034446
4,254.592656,8.223212
5,206.286003,8.367993
6,172.628551,8.494607
7,159.606034,8.551583
8,134.026624,8.681255
9,121.660473,8.754830
10,110.321614,8.830464
11,104.451958,8.873303
12,102.505597,8.888138
13,98.65374,8.918499
15,95.023751,8.948418
20,96.901571,8.932776
30,96.103376,8.939381
40,103.252504,8.882407
50,97.524121,8.927669
60,96.926218,8.932573