workers,"epoch time, ms",efficiency score
1,361.070872,7.008884
2,186.778208,7.388135
3,128.114827,7.624083
4,95.750234,7.816900
5,78.277505,7.956130
6,66.2066,8.075695
7,57.51457,8.178985
8,51.592895,8.260552
9,47.345881,8.326201
10,42.98408,8.401320
11,41.344327,8.431934
12,39.383987,8.470483
13,38.234261,8.494169
15,37.397596,8.511943
20,37.548877,8.508695
30,37.562647,8.508400
40,37.907683,8.501051
50,38.073206,8.497554
60,38.146115,8.496019